LLL,PGMLLL,BKZ5,BKZ10,BKZ15
1.021359,1.020361,1.016015,1.014412,1.013168
