LLL,PotLLL,PGMLLL,BKZ5,BKZ10,BKZ15
1.02135893636047647703,1.01484566750107818578,1.01390276343975949125,1.01390276343975949125,1.01390276343975949125,1.01312855164452031431
