LLL,PotLLL,PGMLLL,BKZ5,BKZ10,BKZ15
1.01917924650612179427,1.01917924650612179427,1.01431366561850455632,1.01431366561850455632,1.01431366561850455632,1.01331827795190076991
