LLL,PGMLLL,BKZ
1.021359,1.020361,1.013329
