LLL,PotLLL,PGMLLL,BKZ5,BKZ10,BKZ15
1.01917924650612179427,1.01562067989950022273,1.01297782183257178978,1.01297782183257178978,1.01297782183257178978,1.01297782183257178978
